{"S20251008_105355_44180345587365_1__b_x": 0.1134334321490463, "S20251008_105355_44180345587365_1__b_y": 0.05501535348253628, "S20251008_105355_44180345587365_1__b_z": 0.06339508109550651, "S20251008_105355_44180345587365_2__b_x": 0.06081335392382925, "S20251008_105355_44180345587365_2__b_y": 0.0664858774038014, "S20251008_105355_44180345587365_2__b_z": 0.05914925816681052, "S20251008_105355_44180345587365_3__b_x": 0.4007620274900101, "S20251008_105355_44180345587365_3__b_y": 0.10568081675920205, "S20251008_105355_44180345587365_3__b_z": 0.38819277102673444}