{"S20251107_154804_OBS1_1__b_x": 0.05777678758488224, "S20251107_154804_OBS1_1__b_y": 0.13389333397410258, "S20251107_154804_OBS1_1__b_z": 0.019579122450830468, "S20251107_154804_OBS1_2__b_x": 0.7296281779997824, "S20251107_154804_OBS1_2__b_y": 0.38562206605631677, "S20251107_154804_OBS1_2__b_z": 0.41525648750396105, "S20251107_154804_OBS1_3__b_x": 0.06241434353620033, "S20251107_154804_OBS1_3__b_y": 0.05880663142177707, "S20251107_154804_OBS1_3__b_z": 0.050427613182737904, "S20251107_171944_OBS2_1__b_x": 1.3612728445522624, "S20251107_171944_OBS2_1__b_y": 1.26213549985551, "S20251107_171944_OBS2_1__b_z": 2.058367177668227, "S20251107_171944_OBS2_2__b_x": 1.303659186348138, "S20251107_171944_OBS2_2__b_y": 0.9605680790708074, "S20251107_171944_OBS2_2__b_z": 2.064506219603848, "S20251107_171944_OBS2_3__b_x": 1.602635389354126, "S20251107_171944_OBS2_3__b_y": 1.3426252654245139, "S20251107_171944_OBS2_3__b_z": 2.044821801941545}